index_bucket,ticker,company_name,action,effective_date,press_release_url,reason
S&P 500,RDDT,Reddit,ADD,2026-08-18,https://www.prnewswire.com/news-releases/reddit-set-to-join-sp-500-and-sun-communities-to-join-sp-midcap-400-302851432.html,
S&P 500,AVB,AvalonBay Communities,REMOVE,2026-08-18,https://www.prnewswire.com/news-releases/reddit-set-to-join-sp-500-and-sun-communities-to-join-sp-midcap-400-302851432.html,"Merger/Acquisition: S&P 500 constituent Equity Residential (NYSE: EQR ) is acquiring AvalonBay Communities in a deal expected to be completed soon, pending final conditions."
S&P 500,HONA,Honeywell Aerospace,ADD,2026-06-29,https://www.prnewswire.com/news-releases/honeywell-aerospace-set-to-join-sp-500--sp-100-others-to-join-sp-midcap-400-and-sp-smallcap-600-302808386.html,Spin-off: Post spin-off Honeywell International will be renamed Honeywell Technologies Inc.
S&P 500,CAG,Conagra Brands,REMOVE,2026-06-30,https://www.prnewswire.com/news-releases/honeywell-aerospace-set-to-join-sp-500--sp-100-others-to-join-sp-midcap-400-and-sp-smallcap-600-302808386.html,
S&P 500,FERG,Ferguson Enterprises,ADD,2026-08-05,https://www.prnewswire.com/news-releases/ferguson-enterprises-set-to-join-sp-500-and-adi-global-distribution-to-join-sp-smallcap-600-302840407.html,
S&P 500,EA,Electronic Arts,REMOVE,2026-08-05,https://www.prnewswire.com/news-releases/ferguson-enterprises-set-to-join-sp-500-and-adi-global-distribution-to-join-sp-smallcap-600-302840407.html,Merger/Acquisition: News in Focus Browse News Releases All News Releases All Public Company English-only News Releases Overview Multimedia Gallery All Multimedia All Photos All Videos Multimedia Gallery Overview Trending Topics All Trending Topics Business & Money Auto & Transportation All Automo...
S&P 500,BE,Bloom Energy,ADD,2026-09-21,https://www.prnewswire.com/news-releases/bloom-energy-illumina-and-everpure-set-to-join-sp-500-others-to-join-sp-100-sp-midcap-400-and-sp-smallcap-600-302870517.html,
S&P 500,TAP,Molson Coors Beverage,REMOVE,2026-09-21,https://www.prnewswire.com/news-releases/bloom-energy-illumina-and-everpure-set-to-join-sp-500-others-to-join-sp-100-sp-midcap-400-and-sp-smallcap-600-302870517.html,
S&P 500,P,Everpure,ADD,2026-09-21,https://www.prnewswire.com/news-releases/bloom-energy-illumina-and-everpure-set-to-join-sp-500-others-to-join-sp-100-sp-midcap-400-and-sp-smallcap-600-302870517.html,
S&P 500,TTD,The Trade Desk,REMOVE,2026-09-21,https://www.prnewswire.com/news-releases/bloom-energy-illumina-and-everpure-set-to-join-sp-500-others-to-join-sp-100-sp-midcap-400-and-sp-smallcap-600-302870517.html,Merger/Acquisition: News in Focus Browse News Releases All News Releases All Public Company English-only News Releases Overview Multimedia Gallery All Multimedia All Photos All Videos Multimedia Gallery Overview Trending Topics All Trending Topics Business & Money Auto & Transportation All Automo...
S&P 500,ILMN,Illumina,ADD,2026-09-21,https://www.prnewswire.com/news-releases/bloom-energy-illumina-and-everpure-set-to-join-sp-500-others-to-join-sp-100-sp-midcap-400-and-sp-smallcap-600-302870517.html,
S&P 500,BLDR,Builders FirstSource,REMOVE,2026-09-21,https://www.prnewswire.com/news-releases/bloom-energy-illumina-and-everpure-set-to-join-sp-500-others-to-join-sp-100-sp-midcap-400-and-sp-smallcap-600-302870517.html,
S&P 400,SUI,Sun Communities,ADD,2026-08-20,https://www.prnewswire.com/news-releases/reddit-set-to-join-sp-500-and-sun-communities-to-join-sp-midcap-400-302851432.html,
S&P 400,WBS,Webster Financial,REMOVE,2026-08-20,https://www.prnewswire.com/news-releases/reddit-set-to-join-sp-500-and-sun-communities-to-join-sp-midcap-400-302851432.html,Merger/Acquisition: (BMEX /NYSE: SAN ) is acquiring Webster Financial in a deal expected to be completed soon pending final conditions.
S&P 400,KRYS,Krystal Biotech,ADD,2026-07-24,https://www.prnewswire.com/news-releases/krystal-biotech-set-to-join-sp-midcap-400-tutor-perini-and-v2x-to-join-sp-smallcap-600-302830022.html,
S&P 400,TMHC,Taylor Morrison Home,REMOVE,2026-07-24,https://www.prnewswire.com/news-releases/krystal-biotech-set-to-join-sp-midcap-400-tutor-perini-and-v2x-to-join-sp-smallcap-600-302830022.html,"Merger/Acquisition: (NYSE: BRK.A /BRK.B) is acquiring Taylor Morrison Home in a deal expected to close on or about that date, pending final closing conditions."
S&P 400,TOST,Toast,ADD,2026-07-01,https://www.prnewswire.com/news-releases/honeywell-aerospace-set-to-join-sp-500--sp-100-others-to-join-sp-midcap-400-and-sp-smallcap-600-302808386.html,
S&P 400,BLD,TopBuild Corp,REMOVE,2026-07-01,https://www.prnewswire.com/news-releases/honeywell-aerospace-set-to-join-sp-500--sp-100-others-to-join-sp-midcap-400-and-sp-smallcap-600-302808386.html,"Merger/Acquisition: (NYSE: QXO ) is acquiring TopBuild in a deal expected to close soon, pending final closing conditions."
S&P 400,IESC,IES Holdings,ADD,2026-07-01,https://www.prnewswire.com/news-releases/honeywell-aerospace-set-to-join-sp-500--sp-100-others-to-join-sp-midcap-400-and-sp-smallcap-600-302808386.html,Merger/Acquisition: News in Focus Browse News Releases All News Releases All Public Company English-only News Releases Overview Multimedia Gallery All Multimedia All Photos All Videos Multimedia Gallery Overview Trending Topics All Trending Topics Business & Money Auto & Transportation All Automo...
S&P 400,JHG,Janus Henderson Group,REMOVE,2026-07-01,https://www.prnewswire.com/news-releases/honeywell-aerospace-set-to-join-sp-500--sp-100-others-to-join-sp-midcap-400-and-sp-smallcap-600-302808386.html,
S&P 400,SIRI,Sirius XM Holdings,ADD,2026-06-11,https://www.prnewswire.com/news-releases/sirius-xm-holdings-set-to-join-sp-midcap-400-302794483.html,
S&P 400,MASI,Masimo,REMOVE,2026-06-11,https://www.prnewswire.com/news-releases/sirius-xm-holdings-set-to-join-sp-midcap-400-302794483.html,Merger/Acquisition: (NYSE: DHR ) is acquiring Masimo in a deal expected to be completed soon pending final conditions.
S&P 400,HUBS,HubSpot,ADD,2026-09-21,https://www.prnewswire.com/news-releases/bloom-energy-illumina-and-everpure-set-to-join-sp-500-others-to-join-sp-100-sp-midcap-400-and-sp-smallcap-600-302870517.html,
S&P 400,SAM,Boston Beer,REMOVE,2026-09-21,https://www.prnewswire.com/news-releases/bloom-energy-illumina-and-everpure-set-to-join-sp-500-others-to-join-sp-100-sp-midcap-400-and-sp-smallcap-600-302870517.html,
S&P 400,AGNC,AGNC Investment,ADD,2026-09-21,https://www.prnewswire.com/news-releases/bloom-energy-illumina-and-everpure-set-to-join-sp-500-others-to-join-sp-100-sp-midcap-400-and-sp-smallcap-600-302870517.html,
S&P 400,CPRI,Capri Holdings,REMOVE,2026-09-21,https://www.prnewswire.com/news-releases/bloom-energy-illumina-and-everpure-set-to-join-sp-500-others-to-join-sp-100-sp-midcap-400-and-sp-smallcap-600-302870517.html,
S&P 400,CORT,Corcept Therapeutics,ADD,2026-09-21,https://www.prnewswire.com/news-releases/bloom-energy-illumina-and-everpure-set-to-join-sp-500-others-to-join-sp-100-sp-midcap-400-and-sp-smallcap-600-302870517.html,
S&P 400,P,Everpure,REMOVE,2026-09-21,https://www.prnewswire.com/news-releases/bloom-energy-illumina-and-everpure-set-to-join-sp-500-others-to-join-sp-100-sp-midcap-400-and-sp-smallcap-600-302870517.html,
S&P 400,EAT,Brinker Intl,ADD,2026-09-21,https://www.prnewswire.com/news-releases/bloom-energy-illumina-and-everpure-set-to-join-sp-500-others-to-join-sp-100-sp-midcap-400-and-sp-smallcap-600-302870517.html,
S&P 400,ILMN,Illumina,REMOVE,2026-09-21,https://www.prnewswire.com/news-releases/bloom-energy-illumina-and-everpure-set-to-join-sp-500-others-to-join-sp-100-sp-midcap-400-and-sp-smallcap-600-302870517.html,
S&P 400,BTSG,BrightSpring Health Services,ADD,2026-07-17,https://www.prnewswire.com/news-releases/brightspring-health-services-set-to-join-sp-midcap-400-and-karman-holdings-to-join-sp-smallcap-600-302825665.html,
S&P 400,GTLS,Chart Industries,REMOVE,2026-07-17,https://www.prnewswire.com/news-releases/brightspring-health-services-set-to-join-sp-midcap-400-and-karman-holdings-to-join-sp-smallcap-600-302825665.html,"Merger/Acquisition: (NASD: BKR) is to acquire Chart Industries in a deal expected to close July 16, pending final closing conditions."
S&P 400,MOH,Molina Healthcare,ADD,2026-07-22,https://www.prnewswire.com/news-releases/molina-healthcare-set-to-join-sp-midcap-400-and-construction-partners-to-join-sp-smallcap-600-302828046.html,
S&P 400,NSA,National Storage Affiliates Trust,REMOVE,2026-07-22,https://www.prnewswire.com/news-releases/molina-healthcare-set-to-join-sp-midcap-400-and-construction-partners-to-join-sp-smallcap-600-302828046.html,Merger/Acquisition: News in Focus Browse News Releases All News Releases All Public Company English-only News Releases Overview Multimedia Gallery All Multimedia All Photos All Videos Multimedia Gallery Overview Trending Topics All Trending Topics Business & Money Auto & Transportation All Automo...
S&P 400,ALSN,Allison Transmission,ADD,2026-07-06,https://www.prnewswire.com/news-releases/allison-transmission-holdings-set-to-join-sp-midcap-400-and-goodyear-tire--rubber-to-join-sp-smallcap-600-302815143.html,
S&P 400,GT,Goodyear Tire & Rubber,REMOVE,2026-07-06,https://www.prnewswire.com/news-releases/allison-transmission-holdings-set-to-join-sp-midcap-400-and-goodyear-tire--rubber-to-join-sp-smallcap-600-302815143.html,
S&P 600,TENB,Tenable Holdings,ADD,2026-08-31,https://www.prnewswire.com/news-releases/tenable-holdings-set-to-join-sp-smallcap-600-302861023.html,
S&P 600,LEG,Leggett & Platt,REMOVE,2026-08-31,https://www.prnewswire.com/news-releases/tenable-holdings-set-to-join-sp-smallcap-600-302861023.html,"Merger/Acquisition: (NYSE: SGI ) is acquiring Leggett & Platt in a deal expected to be completed soon, pending final closing conditions."
S&P 600,TPC,Tutor Perini Corp,ADD,2026-07-24,https://www.prnewswire.com/news-releases/krystal-biotech-set-to-join-sp-midcap-400-tutor-perini-and-v2x-to-join-sp-smallcap-600-302830022.html,
S&P 600,KRYS,Krystal Biotech,REMOVE,2026-07-24,https://www.prnewswire.com/news-releases/krystal-biotech-set-to-join-sp-midcap-400-tutor-perini-and-v2x-to-join-sp-smallcap-600-302830022.html,
S&P 600,VVX,V2X,ADD,2026-07-27,https://www.prnewswire.com/news-releases/krystal-biotech-set-to-join-sp-midcap-400-tutor-perini-and-v2x-to-join-sp-smallcap-600-302830022.html,
S&P 600,AVNS,Avanos Medical,REMOVE,2026-07-27,https://www.prnewswire.com/news-releases/krystal-biotech-set-to-join-sp-midcap-400-tutor-perini-and-v2x-to-join-sp-smallcap-600-302830022.html,"Merger/Acquisition: American Industrial Partners is acquiring Avanos Medical in a deal expected to close soon, pending final closing conditions."
S&P 600,SEI,Solaris Energy Infrastructure,ADD,2026-07-15,https://www.prnewswire.com/news-releases/solaris-energy-infrastructure-set-to-join-sp-smallcap-600-302822362.html,
S&P 600,CPRX,Catalyst Pharmaceuticals,REMOVE,2026-07-15,https://www.prnewswire.com/news-releases/solaris-energy-infrastructure-set-to-join-sp-smallcap-600-302822362.html,"Merger/Acquisition: is acquiring Catalyst Pharmaceuticals in a deal expected to close soon, pending final closing conditions."
S&P 600,CAG,Conagra Brands,ADD,2026-06-30,https://www.prnewswire.com/news-releases/honeywell-aerospace-set-to-join-sp-500--sp-100-others-to-join-sp-midcap-400-and-sp-smallcap-600-302808386.html,
S&P 600,GDYN,Grid Dynamics Holdings,REMOVE,2026-06-30,https://www.prnewswire.com/news-releases/honeywell-aerospace-set-to-join-sp-500--sp-100-others-to-join-sp-midcap-400-and-sp-smallcap-600-302808386.html,
S&P 600,NHI,National Health Investors,ADD,2026-06-30,https://www.prnewswire.com/news-releases/honeywell-aerospace-set-to-join-sp-500--sp-100-others-to-join-sp-midcap-400-and-sp-smallcap-600-302808386.html,Merger/Acquisition: News in Focus Browse News Releases All News Releases All Public Company English-only News Releases Overview Multimedia Gallery All Multimedia All Photos All Videos Multimedia Gallery Overview Trending Topics All Trending Topics Business & Money Auto & Transportation All Automo...
S&P 600,ARI,Apollo Commercial Real Estate Finance,REMOVE,2026-06-30,https://www.prnewswire.com/news-releases/honeywell-aerospace-set-to-join-sp-500--sp-100-others-to-join-sp-midcap-400-and-sp-smallcap-600-302808386.html,
S&P 600,ADIG,ADI Global Distribution,ADD,2026-08-04,https://www.prnewswire.com/news-releases/ferguson-enterprises-set-to-join-sp-500-and-adi-global-distribution-to-join-sp-smallcap-600-302840407.html,Merger/Acquisition: News in Focus Browse News Releases All News Releases All Public Company English-only News Releases Overview Multimedia Gallery All Multimedia All Photos All Videos Multimedia Gallery Overview Trending Topics All Trending Topics Business & Money Auto & Transportation All Automo...
S&P 600,HTZ,Hertz Global Holdings,REMOVE,2026-08-05,https://www.prnewswire.com/news-releases/ferguson-enterprises-set-to-join-sp-500-and-adi-global-distribution-to-join-sp-smallcap-600-302840407.html,
S&P 600,MFP,Midera Food Processing,ADD,2026-07-08,https://www.prnewswire.com/news-releases/midera-food-processing-and-centrus-energy-set-to-join-sp-smallcap-600-302817273.html,
S&P 600,RWT,Redwood Trust Inc,REMOVE,2026-07-08,https://www.prnewswire.com/news-releases/midera-food-processing-and-centrus-energy-set-to-join-sp-smallcap-600-302817273.html,
S&P 600,LEU,Centrus Energy,ADD,2026-07-14,https://www.prnewswire.com/news-releases/midera-food-processing-and-centrus-energy-set-to-join-sp-smallcap-600-302817273.html,
S&P 600,WSR,Whitestone REIT,REMOVE,2026-07-14,https://www.prnewswire.com/news-releases/midera-food-processing-and-centrus-energy-set-to-join-sp-smallcap-600-302817273.html,"Merger/Acquisition: (NYSE: ARES ) is acquiring Whitestone REIT in a deal expected to close on or about that date, pending final closing conditions."
S&P 600,NTST,NETSTREIT,ADD,2026-06-29,https://www.prnewswire.com/news-releases/netstreit-set-to-join-sp-smallcap-600-302809932.html,
S&P 600,PRA,ProAssurance,REMOVE,2026-06-29,https://www.prnewswire.com/news-releases/netstreit-set-to-join-sp-smallcap-600-302809932.html,"Merger/Acquisition: The Doctors Company is acquiring ProAssurance in a cash deal expected to close soon, pending final closing conditions."
S&P 600,FIVN,Five9,ADD,2026-08-03,https://www.prnewswire.com/news-releases/five9-set-to-join-sp-smallcap-600-302838329.html,
S&P 600,TWO,Two Harbors Investment,REMOVE,2026-08-03,https://www.prnewswire.com/news-releases/five9-set-to-join-sp-smallcap-600-302838329.html,Merger/Acquisition: News in Focus Browse News Releases All News Releases All Public Company English-only News Releases Overview Multimedia Gallery All Multimedia All Photos All Videos Multimedia Gallery Overview Trending Topics All Trending Topics Business & Money Auto & Transportation All Automo...
S&P 600,HRI,Herc Holdings,ADD,2026-09-21,https://www.prnewswire.com/news-releases/bloom-energy-illumina-and-everpure-set-to-join-sp-500-others-to-join-sp-100-sp-midcap-400-and-sp-smallcap-600-302870517.html,
S&P 600,NABL,N-able,REMOVE,2026-09-21,https://www.prnewswire.com/news-releases/bloom-energy-illumina-and-everpure-set-to-join-sp-500-others-to-join-sp-100-sp-midcap-400-and-sp-smallcap-600-302870517.html,
S&P 600,DK,Delek US Holdings,ADD,2026-09-21,https://www.prnewswire.com/news-releases/bloom-energy-illumina-and-everpure-set-to-join-sp-500-others-to-join-sp-100-sp-midcap-400-and-sp-smallcap-600-302870517.html,
S&P 600,SHEN,Shenandoah Telecommunications,REMOVE,2026-09-21,https://www.prnewswire.com/news-releases/bloom-energy-illumina-and-everpure-set-to-join-sp-500-others-to-join-sp-100-sp-midcap-400-and-sp-smallcap-600-302870517.html,
S&P 600,AXTI,AXT,ADD,2026-09-21,https://www.prnewswire.com/news-releases/bloom-energy-illumina-and-everpure-set-to-join-sp-500-others-to-join-sp-100-sp-midcap-400-and-sp-smallcap-600-302870517.html,
S&P 600,MATW,Matthews Intl,REMOVE,2026-09-21,https://www.prnewswire.com/news-releases/bloom-energy-illumina-and-everpure-set-to-join-sp-500-others-to-join-sp-100-sp-midcap-400-and-sp-smallcap-600-302870517.html,
S&P 600,ARQT,Arcutis Biotherapeutics,ADD,2026-09-21,https://www.prnewswire.com/news-releases/bloom-energy-illumina-and-everpure-set-to-join-sp-500-others-to-join-sp-100-sp-midcap-400-and-sp-smallcap-600-302870517.html,
S&P 600,VRRM,Verra Mobility,REMOVE,2026-09-21,https://www.prnewswire.com/news-releases/bloom-energy-illumina-and-everpure-set-to-join-sp-500-others-to-join-sp-100-sp-midcap-400-and-sp-smallcap-600-302870517.html,
S&P 600,ATRC,AtriCure,ADD,2026-09-21,https://www.prnewswire.com/news-releases/bloom-energy-illumina-and-everpure-set-to-join-sp-500-others-to-join-sp-100-sp-midcap-400-and-sp-smallcap-600-302870517.html,
S&P 600,FBRT,Franklin BSP Realty Trust,REMOVE,2026-09-21,https://www.prnewswire.com/news-releases/bloom-energy-illumina-and-everpure-set-to-join-sp-500-others-to-join-sp-100-sp-midcap-400-and-sp-smallcap-600-302870517.html,
S&P 600,CPRI,Capri Holdings,ADD,2026-09-21,https://www.prnewswire.com/news-releases/bloom-energy-illumina-and-everpure-set-to-join-sp-500-others-to-join-sp-100-sp-midcap-400-and-sp-smallcap-600-302870517.html,
S&P 600,NXRT,NexPoint Residential Trust,REMOVE,2026-09-21,https://www.prnewswire.com/news-releases/bloom-energy-illumina-and-everpure-set-to-join-sp-500-others-to-join-sp-100-sp-midcap-400-and-sp-smallcap-600-302870517.html,
S&P 600,SAM,Boston Beer,ADD,2026-09-21,https://www.prnewswire.com/news-releases/bloom-energy-illumina-and-everpure-set-to-join-sp-500-others-to-join-sp-100-sp-midcap-400-and-sp-smallcap-600-302870517.html,
S&P 600,AMSF,Amerisafe,REMOVE,2026-09-21,https://www.prnewswire.com/news-releases/bloom-energy-illumina-and-everpure-set-to-join-sp-500-others-to-join-sp-100-sp-midcap-400-and-sp-smallcap-600-302870517.html,
S&P 600,TAP,Molson Coors Beverage,ADD,2026-09-21,https://www.prnewswire.com/news-releases/bloom-energy-illumina-and-everpure-set-to-join-sp-500-others-to-join-sp-100-sp-midcap-400-and-sp-smallcap-600-302870517.html,
S&P 600,CCOI,Cogent Communications Holdings,REMOVE,2026-09-21,https://www.prnewswire.com/news-releases/bloom-energy-illumina-and-everpure-set-to-join-sp-500-others-to-join-sp-100-sp-midcap-400-and-sp-smallcap-600-302870517.html,
S&P 600,TTD,The Trade Desk,ADD,2026-09-21,https://www.prnewswire.com/news-releases/bloom-energy-illumina-and-everpure-set-to-join-sp-500-others-to-join-sp-100-sp-midcap-400-and-sp-smallcap-600-302870517.html,Merger/Acquisition: News in Focus Browse News Releases All News Releases All Public Company English-only News Releases Overview Multimedia Gallery All Multimedia All Photos All Videos Multimedia Gallery Overview Trending Topics All Trending Topics Business & Money Auto & Transportation All Automo...
S&P 600,CORT,Corcept Therapeutics,REMOVE,2026-09-21,https://www.prnewswire.com/news-releases/bloom-energy-illumina-and-everpure-set-to-join-sp-500-others-to-join-sp-100-sp-midcap-400-and-sp-smallcap-600-302870517.html,
S&P 600,BLDR,Builders FirstSource,ADD,2026-09-21,https://www.prnewswire.com/news-releases/bloom-energy-illumina-and-everpure-set-to-join-sp-500-others-to-join-sp-100-sp-midcap-400-and-sp-smallcap-600-302870517.html,
S&P 600,EAT,Brinker Intl,REMOVE,2026-09-21,https://www.prnewswire.com/news-releases/bloom-energy-illumina-and-everpure-set-to-join-sp-500-others-to-join-sp-100-sp-midcap-400-and-sp-smallcap-600-302870517.html,
S&P 600,KRMN,Karman Holdings,ADD,2026-07-17,https://www.prnewswire.com/news-releases/brightspring-health-services-set-to-join-sp-midcap-400-and-karman-holdings-to-join-sp-smallcap-600-302825665.html,
S&P 600,BTSG,BrightSpring Health Services,REMOVE,2026-07-17,https://www.prnewswire.com/news-releases/brightspring-health-services-set-to-join-sp-midcap-400-and-karman-holdings-to-join-sp-smallcap-600-302825665.html,
S&P 600,ROAD,Construction Partners,ADD,2026-07-22,https://www.prnewswire.com/news-releases/molina-healthcare-set-to-join-sp-midcap-400-and-construction-partners-to-join-sp-smallcap-600-302828046.html,Merger/Acquisition: News in Focus Browse News Releases All News Releases All Public Company English-only News Releases Overview Multimedia Gallery All Multimedia All Photos All Videos Multimedia Gallery Overview Trending Topics All Trending Topics Business & Money Auto & Transportation All Automo...
S&P 600,MOH,Molina Healthcare,REMOVE,2026-07-22,https://www.prnewswire.com/news-releases/molina-healthcare-set-to-join-sp-midcap-400-and-construction-partners-to-join-sp-smallcap-600-302828046.html,
S&P 600,FA,First Advantage,ADD,2026-06-16,https://www.prnewswire.com/news-releases/first-advantage-set-to-join-sp-smallcap-600-302798639.html,
S&P 600,KW,Kennedy-Wilson Holdings,REMOVE,2026-06-16,https://www.prnewswire.com/news-releases/first-advantage-set-to-join-sp-smallcap-600-302798639.html,"Merger/Acquisition: A consortium led by KW's CEO with Fairfax Financial Holdings Limited (TSE: FFH) is acquiring Kennedy-Wilson Holdings in a deal expected to close soon, pending final closing conditions."
S&P 600,GT,Goodyear Tire & Rubber,ADD,2026-07-06,https://www.prnewswire.com/news-releases/allison-transmission-holdings-set-to-join-sp-midcap-400-and-goodyear-tire--rubber-to-join-sp-smallcap-600-302815143.html,
S&P 600,STEL,Stellar Bancorp,REMOVE,2026-07-06,https://www.prnewswire.com/news-releases/allison-transmission-holdings-set-to-join-sp-midcap-400-and-goodyear-tire--rubber-to-join-sp-smallcap-600-302815143.html,Merger/Acquisition: (NYSE: PB ) is acquiring Stellar Bancorp in a deal expected to close July 1.
S&P 600,GPOR,Gulfport Energy,ADD,2026-07-01,https://www.prnewswire.com/news-releases/gulfport-energy-and-mobility-global-set-to-join-sp-smallcap-600-302812407.html,
S&P 600,SEM,Select Medical Holdings,REMOVE,2026-07-01,https://www.prnewswire.com/news-releases/gulfport-energy-and-mobility-global-set-to-join-sp-smallcap-600-302812407.html,"Merger/Acquisition: Select Medical Holdings is being acquired in a deal expected to be completed soon, pending final closing conditions."
S&P 600,MBGL,Mobility Global,ADD,2026-07-02,https://www.prnewswire.com/news-releases/gulfport-energy-and-mobility-global-set-to-join-sp-smallcap-600-302812407.html,
S&P 600,CLB,Core Laboratories,REMOVE,2026-07-02,https://www.prnewswire.com/news-releases/gulfport-energy-and-mobility-global-set-to-join-sp-smallcap-600-302812407.html,
S&P 100,HONA,Honeywell Aerospace,ADD,2026-06-29,https://www.prnewswire.com/news-releases/honeywell-aerospace-set-to-join-sp-500--sp-100-others-to-join-sp-midcap-400-and-sp-smallcap-600-302808386.html,Spin-off: Post spin-off Honeywell International will be renamed Honeywell Technologies Inc.
S&P 100,HON,Honeywell International,REMOVE,2026-06-30,https://www.prnewswire.com/news-releases/honeywell-aerospace-set-to-join-sp-500--sp-100-others-to-join-sp-midcap-400-and-sp-smallcap-600-302808386.html,Spin-off: Post spin-off Honeywell International will be renamed Honeywell Technologies Inc.
S&P 100,DELL,Dell Technologies,ADD,2026-09-21,https://www.prnewswire.com/news-releases/bloom-energy-illumina-and-everpure-set-to-join-sp-500-others-to-join-sp-100-sp-midcap-400-and-sp-smallcap-600-302870517.html,
S&P 100,HONA,Honeywell Aerospace,REMOVE,2026-09-21,https://www.prnewswire.com/news-releases/bloom-energy-illumina-and-everpure-set-to-join-sp-500-others-to-join-sp-100-sp-midcap-400-and-sp-smallcap-600-302870517.html,
S&P 100,PANW,Palo Alto Networks,ADD,2026-09-21,https://www.prnewswire.com/news-releases/bloom-energy-illumina-and-everpure-set-to-join-sp-500-others-to-join-sp-100-sp-midcap-400-and-sp-smallcap-600-302870517.html,
S&P 100,NKE,NIKE,REMOVE,2026-09-21,https://www.prnewswire.com/news-releases/bloom-energy-illumina-and-everpure-set-to-join-sp-500-others-to-join-sp-100-sp-midcap-400-and-sp-smallcap-600-302870517.html,
S&P 100,ANET,Arista Networks,ADD,2026-09-21,https://www.prnewswire.com/news-releases/bloom-energy-illumina-and-everpure-set-to-join-sp-500-others-to-join-sp-100-sp-midcap-400-and-sp-smallcap-600-302870517.html,
S&P 100,SPG,Simon Property Group,REMOVE,2026-09-21,https://www.prnewswire.com/news-releases/bloom-energy-illumina-and-everpure-set-to-join-sp-500-others-to-join-sp-100-sp-midcap-400-and-sp-smallcap-600-302870517.html,
S&P 100,SNDK,Sandisk,ADD,2026-09-21,https://www.prnewswire.com/news-releases/bloom-energy-illumina-and-everpure-set-to-join-sp-500-others-to-join-sp-100-sp-midcap-400-and-sp-smallcap-600-302870517.html,
S&P 100,CL,Colgate-Palmolive,REMOVE,2026-09-21,https://www.prnewswire.com/news-releases/bloom-energy-illumina-and-everpure-set-to-join-sp-500-others-to-join-sp-100-sp-midcap-400-and-sp-smallcap-600-302870517.html,
